CHROM	POS	REF	TYPE	ALT
Qrob_Chr01	1001	A	transversion1	C
Qrob_Chr01	1068	C	transition	T
Qrob_Chr01	1180	G	transversion2	C
Qrob_Chr01	1299	A	transversion2	T
Qrob_Chr01	1379	G	transversion1	T
Qrob_Chr01	1466	T	transversion1	G
Qrob_Chr01	1469	G	transversion2	C
Qrob_Chr01	1546	T	transversion2	A
Qrob_Chr01	1602	A	transition	G
Qrob_Chr01	1651	T	transversion2	A
Qrob_Chr01	2061	A	transversion1	C
Qrob_Chr01	2084	A	transition	G
Qrob_Chr01	2148	C	transition	T
Qrob_Chr01	2301	T	transversion2	A
Qrob_Chr01	2309	C	transition	T
Qrob_Chr01	2336	T	transversion1	G
Qrob_Chr01	2350	A	transversion1	C
Qrob_Chr01	2386	C	transversion1	A
Qrob_Chr01	2453	A	transversion2	T
Qrob_Chr01	2551	A	transition	G
Qrob_Chr01	2557	C	transition	T
Qrob_Chr01	2628	T	transversion2	A
Qrob_Chr01	268	A	transversion2	T
Qrob_Chr01	2692	A	transversion2	T
Qrob_Chr01	2769	T	transition	C
Qrob_Chr01	2798	A	transition	G
Qrob_Chr01	2843	T	transition	C
Qrob_Chr01	2942	T	transversion2	A
Qrob_Chr01	3023	A	transition	G
Qrob_Chr01	3043	A	transversion1	C
Qrob_Chr01	3091	T	transition	C
Qrob_Chr01	3105	A	transversion1	C
Qrob_Chr01	3168	A	transversion2	T
Qrob_Chr01	3216	A	transversion2	T
Qrob_Chr01	33	C	transition	T
Qrob_Chr01	3440	T	transversion2	A
Qrob_Chr01	3469	A	transversion2	T
Qrob_Chr01	3494	T	transition	C
Qrob_Chr01	3612	T	transversion2	A
Qrob_Chr01	3640	T	transition	C
Qrob_Chr01	367	C	transition	T
Qrob_Chr01	384	C	transition	T
Qrob_Chr01	3881	G	transversion2	C
Qrob_Chr01	393	A	transition	G
Qrob_Chr01	4118	G	transversion2	C
Qrob_Chr01	4149	G	transition	A
Qrob_Chr01	4285	T	transition	C
Qrob_Chr01	4311	C	transition	T
Qrob_Chr01	4404	A	transversion1	C
Qrob_Chr01	4452	T	transversion1	G
Qrob_Chr01	4461	A	transition	G
Qrob_Chr01	4526	C	transversion1	A
Qrob_Chr01	4627	C	transition	T
Qrob_Chr01	4664	T	transversion1	G
Qrob_Chr01	4799	T	transition	C
Qrob_Chr01	4949	A	transversion1	C
Qrob_Chr01	502	G	transversion2	C
Qrob_Chr01	5022	G	transversion2	C
Qrob_Chr01	5075	A	transition	G
Qrob_Chr01	5170	A	transversion2	T
Qrob_Chr01	5196	T	transition	C
Qrob_Chr01	521	C	transversion1	A
Qrob_Chr01	5213	G	transversion1	T
Qrob_Chr01	5343	G	transition	A
Qrob_Chr01	5366	A	transition	G
Qrob_Chr01	5447	T	transition	C
Qrob_Chr01	5517	G	transversion2	C
Qrob_Chr01	554	G	transition	A
Qrob_Chr01	5572	T	transversion1	G
Qrob_Chr01	5583	C	transversion1	A
Qrob_Chr01	5639	G	transition	A
Qrob_Chr01	5757	A	transition	G
Qrob_Chr01	5814	A	transition	G
Qrob_Chr01	5838	C	transition	T
Qrob_Chr01	5849	A	transversion2	T
Qrob_Chr01	5862	A	transversion2	T
Qrob_Chr01	5906	A	transversion1	C
Qrob_Chr01	5933	G	transversion2	C
Qrob_Chr01	6	A	transversion2	T
Qrob_Chr01	605	A	transition	G
Qrob_Chr01	6062	A	transversion1	C
Qrob_Chr01	6076	C	transversion1	A
Qrob_Chr01	6173	T	transversion2	A
Qrob_Chr01	6177	T	transversion2	A
Qrob_Chr01	6283	T	transversion2	A
Qrob_Chr01	6390	A	transversion1	C
Qrob_Chr01	6405	G	transversion1	T
Qrob_Chr01	6424	C	transition	T
Qrob_Chr01	6430	C	transition	T
Qrob_Chr01	656	C	transversion2	G
Qrob_Chr01	6571	C	transversion1	A
Qrob_Chr01	6672	A	transversion1	C
Qrob_Chr01	681	A	transition	G
Qrob_Chr01	6831	A	transition	G
Qrob_Chr01	6848	C	transition	T
Qrob_Chr01	6859	C	transversion1	A
Qrob_Chr01	744	C	transversion1	A
Qrob_Chr01	846	C	transition	T
Qrob_Chr01	956	C	transversion1	A
Qrob_Chr01	99	A	transversion1	C
